company_id,sector,overall_cx_score
COMP_00001,9,0.7103174603174603
COMP_00002,634,0.6674603174603175
COMP_00003,7,0.9642857142857143
COMP_00004,632,1.0
COMP_00005,9,1.0
COMP_00006,7,1.0
COMP_00007,2,0.5040053404539385
COMP_00008,7,1.0
COMP_00009,5,0.7539682539682538
COMP_00010,6,0.6073015873015872
COMP_00011,5,0.2539682539682539
COMP_00012,5,0.7839620696763555
COMP_00013,9,0.865079365079365
COMP_00014,4,0.5714285714285714
COMP_00015,633,0.6706349206349206
COMP_00016,4,0.32539682539682535
COMP_00017,633,0.5054563492063492
COMP_00018,9,0.6984126984126984
COMP_00019,9,0.9920634920634921
COMP_00020,4,0.6952380952380951
COMP_00021,633,0.7063492063492064
COMP_00022,632,0.29365079365079366
COMP_00023,9,0.9404761904761904
COMP_00024,6,0.5738668961560528
COMP_00025,9,0.7460317460317462
COMP_00026,4,0.2658730158730158
COMP_00027,1,0.5462962962962963
COMP_00027,3,0.5801587301587302
COMP_00028,1,0.6657346212506354
COMP_00029,632,0.9960317460317462
COMP_00030,632,0.869047619047619
COMP_00031,633,0.47619047619047616
COMP_00032,5,0.5763888888888888
COMP_00033,632,0.871031746031746
COMP_00034,632,0.8571428571428571
COMP_00035,633,0.7003968253968254
COMP_00036,4,0.494047619047619
COMP_00037,4,0.4345238095238094
COMP_00038,4,0.6481481481481481
COMP_00039,4,0.8174603174603174
COMP_00040,632,0.7203100583929599
COMP_00041,1,0.9444444444444444
COMP_00042,5,0.7037037037037037
COMP_00043,633,0.7330623306233063
COMP_00044,1,0.8082010582010581
COMP_00045,4,0.865079365079365
COMP_00046,7,0.7738095238095237
COMP_00047,1,0.7738095238095238
COMP_00048,4,0.876984126984127
COMP_00049,9,0.6170634920634921
COMP_00050,5,0.4087301587301587
COMP_00051,4,0.6653439153439152
COMP_00052,633,0.7104978354978355
COMP_00053,9,0.7341269841269841
COMP_00054,3,0.6764392324093818
COMP_00055,4,0.838095238095238
COMP_00056,5,0.9404761904761906
COMP_00057,5,0.6772711921648091
COMP_00058,2,0.6412137245470578
COMP_00059,4,0.8214285714285714
COMP_00060,633,0.8134920634920635
COMP_00061,9,0.7329931972789115
COMP_00062,6,0.1428571428571428
COMP_00063,633,0.6825396825396826
COMP_00064,633,0.6587301587301587
COMP_00065,5,0.4884004884004884
COMP_00066,4,0.746031746031746
COMP_00067,4,0.7698412698412699
COMP_00068,7,0.6507936507936508
COMP_00069,7,0.7619047619047619
COMP_00070,4,0.9087301587301587
COMP_00071,4,0.6626984126984127
COMP_00072,9,0.7103174603174603
COMP_00073,633,0.3531746031746031
COMP_00074,9,0.8849206349206349
COMP_00075,4,0.8035714285714286
COMP_00076,4,0.7658730158730159
COMP_00077,3,1.0
COMP_00078,5,0.28968253968253965
COMP_00079,4,0.71875
COMP_00080,9,0.7142857142857143
COMP_00081,632,1.0
COMP_00082,9,0.7142857142857143
COMP_00083,4,0.21428571428571422
COMP_00084,9,0.9285714285714286
COMP_00085,9,0.3789682539682539
COMP_00086,9,0.8849206349206349
COMP_00087,9,0.6388888888888888
COMP_00088,9,0.5753968253968254
COMP_00089,9,0.6507936507936507
COMP_00090,9,0.6646825396825397
COMP_00091,9,0.8571428571428572
COMP_00092,633,0.4126984126984126
COMP_00093,5,0.4047619047619047
COMP_00094,633,0.817857142857143
COMP_00095,4,0.746031746031746
COMP_00096,4,0.7234126984126985
COMP_00097,9,0.6547619047619047
COMP_00098,3,0.7894491129785247
COMP_00099,633,0.9821428571428571
COMP_00100,4,0.6884920634920636
COMP_00101,4,0.7261904761904763
COMP_00102,4,0.5423280423280423
COMP_00103,9,0.8095238095238095
COMP_00104,9,0.6428571428571428
COMP_00105,9,0.7817460317460319
COMP_00106,4,0.9960317460317462
COMP_00107,3,0.5357142857142857
COMP_00108,5,0.6152094717668488
COMP_00109,3,0.6031746031746031
COMP_00110,1,0.8595238095238096
COMP_00111,3,0.6388888888888888
COMP_00112,9,0.28571428571428575
COMP_00113,4,0.6785714285714286
COMP_00114,7,0.746031746031746
COMP_00115,4,0.9325396825396824
COMP_00116,9,0.42857142857142855
COMP_00117,4,0.9285714285714286
COMP_00118,5,0.8640873015873015
COMP_00119,633,0.5158730158730158
COMP_00120,632,0.28571428571428564
COMP_00121,5,0.8253968253968255
COMP_00122,9,1.0
COMP_00123,3,0.6896825396825397
COMP_00124,4,0.7857142857142857
COMP_00125,3,0.6846707818930041
COMP_00126,3,0.7086977648202137
COMP_00127,4,0.8968253968253967
COMP_00128,4,0.6825396825396824
COMP_00129,5,0.8571428571428571
COMP_00130,9,0.44444444444444436
COMP_00131,633,0.7653489068583408
COMP_00132,9,0.7738095238095237
COMP_00133,4,0.4642857142857142
COMP_00134,9,0.7857142857142857
COMP_00135,632,0.9007936507936508
COMP_00136,1,0.9373015873015873
COMP_00137,9,0.5753968253968254
COMP_00138,4,0.783068783068783
COMP_00139,4,0.8809523809523809
COMP_00140,9,0.7142857142857143
COMP_00141,4,0.4563492063492063
COMP_00142,9,0.8015873015873016
COMP_00143,4,0.7738095238095237
COMP_00144,634,0.8571428571428571
COMP_00145,3,0.6560846560846559
COMP_00146,5,0.8214285714285714
COMP_00147,1,0.6587301587301586
COMP_00148,633,0.7268170426065163
COMP_00149,9,0.876984126984127
COMP_00150,633,0.5608465608465607
COMP_00151,4,0.7760141093474426
COMP_00152,4,0.7857142857142857
COMP_00153,9,0.4563492063492063
COMP_00154,633,0.7797619047619047
COMP_00155,9,0.6428571428571428
COMP_00156,9,0.4841269841269841
COMP_00157,6,0.5116246498599439
COMP_00158,633,0.5972222222222221
COMP_00159,5,0.6514550264550264
COMP_00160,633,0.5507936507936507
COMP_00161,4,0.5992063492063492
COMP_00162,634,0.32738095238095233
COMP_00163,634,0.6387580673294959
COMP_00164,9,0.7222222222222222
COMP_00165,634,0.7688492063492063
COMP_00166,634,0.8353174603174603
COMP_00167,634,0.7025844525844526
COMP_00168,9,0.9007936507936508
COMP_00169,4,0.7142857142857143
COMP_00170,4,0.628968253968254
COMP_00171,5,0.5185185185185185
COMP_00172,9,0.9166666666666666
COMP_00173,633,0.6750992063492063
COMP_00174,4,0.7182539682539681
COMP_00175,4,0.5595238095238095
COMP_00176,4,0.7043650793650794
COMP_00177,7,0.8571428571428572
COMP_00178,9,0.7142857142857143
COMP_00179,9,0.7857142857142857
COMP_00180,7,0.6071428571428572
COMP_00181,4,0.9563492063492064
COMP_00182,4,0.83994708994709
COMP_00183,4,0.5059523809523809
COMP_00184,4,0.7579365079365079
COMP_00185,4,0.18849206349206343
COMP_00186,5,0.9087301587301586
COMP_00187,9,0.6111111111111112
COMP_00188,632,0.7698412698412699
COMP_00189,5,0.21577380952380948
COMP_00190,7,0.8174603174603174
COMP_00191,5,0.7176824090404337
COMP_00192,9,0.9503968253968252
COMP_00193,9,0.8571428571428572
COMP_00194,9,0.8333333333333333
COMP_00195,7,0.24999999999999994
COMP_00196,5,0.6706349206349205
COMP_00197,5,0.5978835978835979
COMP_00198,633,0.7142857142857143
COMP_00199,633,0.6918498168498168
COMP_00200,1,0.9523809523809523
COMP_00201,9,0.6388888888888888
COMP_00202,9,0.7142857142857143
COMP_00203,4,0.7896825396825397
COMP_00204,9,0.19444444444444436
COMP_00205,632,0.6547619047619048
COMP_00206,9,0.8571428571428571
COMP_00207,2,0.6507936507936508
COMP_00208,4,0.9166666666666666
COMP_00209,632,0.8095238095238095
COMP_00210,7,0.2162698412698412
COMP_00211,9,0.7184343434343434
COMP_00212,9,0.7142857142857143
COMP_00213,9,0.748015873015873
COMP_00214,5,0.5727513227513227
COMP_00215,5,0.6345315904139434
COMP_00215,8,0.6984126984126984
COMP_00216,4,0.7420634920634921
COMP_00217,632,0.6706349206349205
COMP_00218,7,0.976190476190476
COMP_00219,6,0.9265873015873017
COMP_00220,9,0.4841269841269841
COMP_00221,5,0.28968253968253965
COMP_00222,5,0.45238095238095233
COMP_00223,9,0.9642857142857143
COMP_00224,632,0.19841269841269835
COMP_00225,9,0.9060846560846562
COMP_00226,8,0.7142857142857143
COMP_00227,634,0.7658730158730158
COMP_00228,9,0.7698412698412699
COMP_00229,4,0.6666666666666666
COMP_00230,9,0.9285714285714284
COMP_00231,1,0.7649911816578483
COMP_00232,633,0.42857142857142855
COMP_00233,9,0.8452380952380952
COMP_00234,7,0.5436507936507936
COMP_00235,9,0.6785714285714286
COMP_00236,8,0.4206349206349206
COMP_00237,7,0.7867965367965367
COMP_00238,9,0.8571428571428572
COMP_00239,4,1.0
COMP_00240,4,0.626984126984127
COMP_00241,9,0.7142857142857142
COMP_00242,4,0.3214285714285714
COMP_00243,9,0.8968253968253967
COMP_00244,9,0.8571428571428571
COMP_00245,4,0.9285714285714286
COMP_00246,9,0.1428571428571428
COMP_00247,9,0.7142857142857143
COMP_00248,9,0.7516507936507937
COMP_00249,4,0.8412698412698412
COMP_00250,4,0.9642857142857141
COMP_00251,5,1.0
COMP_00252,9,0.6523809523809524
COMP_00253,4,0.7658730158730158
COMP_00254,7,0.849647266313933
COMP_00254,9,0.6825396825396824
COMP_00255,4,0.853174603174603
COMP_00256,9,0.40873015873015867
COMP_00257,5,0.7658730158730158
COMP_00258,633,0.4182539682539682
COMP_00259,4,0.7579365079365078
COMP_00260,6,0.9285714285714286
COMP_00261,632,0.7142857142857142
COMP_00262,9,0.7658730158730159
COMP_00263,4,0.738095238095238
COMP_00264,9,0.6547619047619047
COMP_00265,4,0.9563492063492064
COMP_00266,9,0.7301587301587301
COMP_00267,9,0.7142857142857143
COMP_00268,4,0.6587301587301587
COMP_00269,9,0.7142857142857142
COMP_00270,3,0.2896825396825397
COMP_00271,1,0.8611111111111112
COMP_00272,4,0.8650793650793651
COMP_00273,9,0.8055555555555555
COMP_00274,632,0.8531746031746031
COMP_00275,9,0.7261904761904762
COMP_00276,9,1.0
COMP_00277,9,0.8487103174603174
COMP_00278,633,0.9523809523809523
COMP_00279,633,0.6031746031746031
COMP_00280,5,0.7023809523809523
COMP_00281,3,0.3412698412698412
COMP_00282,4,0.615079365079365
COMP_00283,8,0.7177039132484677
COMP_00284,3,0.6708238851095993
COMP_00285,3,0.5436507936507937
COMP_00286,4,0.6507936507936508
COMP_00287,9,0.8412698412698413
COMP_00288,4,0.5376984126984127
COMP_00289,633,0.8066289357272964
COMP_00290,1,0.8224206349206349
COMP_00291,9,0.9067460317460316
COMP_00292,633,0.7311507936507936
COMP_00293,4,0.9960317460317462
COMP_00294,4,0.4920634920634921
COMP_00295,9,0.7142857142857143
COMP_00296,632,0.8571428571428571
COMP_00297,9,0.8908730158730158
COMP_00298,9,0.9206349206349205
COMP_00299,5,0.1428571428571428
COMP_00300,633,0.5575396825396824
COMP_00301,634,0.7499999999999999
COMP_00302,4,0.6706349206349207
COMP_00303,9,0.6927736006683375
COMP_00304,3,0.7936507936507937
COMP_00305,4,0.5456349206349205
COMP_00306,4,0.8730158730158729
COMP_00307,3,0.7857142857142857
COMP_00308,7,0.5714285714285714
COMP_00308,9,0.5952380952380953
COMP_00309,9,0.8809523809523809
COMP_00310,7,0.9404761904761904
COMP_00311,7,0.7936507936507936
COMP_00312,4,0.9616402116402115
COMP_00313,5,0.8095238095238096
COMP_00314,9,0.8611111111111112
COMP_00315,4,0.7142857142857143
COMP_00316,5,0.7033730158730158
COMP_00317,632,0.976190476190476
COMP_00318,6,0.5119047619047619
COMP_00319,5,0.28968253968253965
COMP_00320,4,0.8968253968253966
COMP_00321,9,0.8888888888888888
COMP_00322,4,0.22089947089947085
COMP_00323,9,0.5039682539682538
COMP_00324,9,0.41666666666666663
COMP_00325,9,0.746031746031746
COMP_00326,4,0.5039682539682538
COMP_00327,4,0.7341269841269841
COMP_00328,9,0.7142857142857143
COMP_00329,9,0.8650793650793651
COMP_00330,7,0.7471655328798186
COMP_00331,632,0.8988095238095237
COMP_00332,4,0.8227513227513228
COMP_00333,4,0.6428571428571428
COMP_00334,9,0.8253968253968255
COMP_00335,5,0.7003968253968255
COMP_00336,5,0.49801587301587297
COMP_00337,5,0.8531746031746033
COMP_00338,633,0.5777777777777777
COMP_00339,9,0.5714285714285714
COMP_00340,7,0.9563492063492064
COMP_00341,9,1.0
COMP_00342,4,0.17460317460317454
COMP_00343,632,0.9087301587301587
COMP_00344,4,0.873015873015873
COMP_00345,9,0.7698412698412698
COMP_00346,9,0.7658730158730159
COMP_00347,5,0.14285714285714277
COMP_00348,9,0.746031746031746
COMP_00349,4,0.7698412698412699
COMP_00350,9,0.5515873015873015
COMP_00351,632,1.0
COMP_00352,7,0.8571428571428571
COMP_00353,9,0.7308802308802309
COMP_00354,9,0.7222222222222222
COMP_00355,4,0.5238095238095238
COMP_00356,9,0.4087301587301587
COMP_00357,5,0.9722222222222222
COMP_00358,9,0.7936507936507936
COMP_00359,632,0.6111111111111112
COMP_00360,9,0.7142857142857142
COMP_00361,4,0.6567460317460317
COMP_00362,9,0.7142857142857143
COMP_00363,632,0.8571428571428572
COMP_00364,4,0.7652464494569758
COMP_00365,632,0.3849206349206349
COMP_00366,4,0.7559523809523809
COMP_00367,632,0.8378684807256236
COMP_00368,632,0.8571428571428571
COMP_00369,5,0.6785714285714284
COMP_00370,3,0.365079365079365
COMP_00371,1,0.2063492063492063
COMP_00372,5,0.488095238095238
COMP_00373,1,0.3373015873015873
COMP_00374,634,0.9404761904761906
COMP_00375,9,0.7142857142857143
COMP_00376,633,0.9444444444444444
COMP_00377,9,0.8690476190476191
COMP_00378,4,0.7936507936507936
COMP_00379,9,0.7182539682539681
COMP_00380,9,0.7142857142857142
COMP_00381,1,0.6563342318059299
COMP_00382,7,0.8650793650793651
COMP_00383,632,1.0
COMP_00384,633,1.0
COMP_00385,5,0.49470899470899465
COMP_00386,632,0.8888888888888888
COMP_00387,5,0.6388888888888888
COMP_00388,4,0.7222222222222222
COMP_00389,633,0.6428571428571428
COMP_00390,632,0.7976190476190477
COMP_00391,8,0.4786101432442895
COMP_00392,5,0.4563492063492062
COMP_00393,7,0.1428571428571428
COMP_00394,4,0.32539682539682535
COMP_00395,7,1.0
COMP_00396,5,0.8531746031746031
COMP_00397,633,0.6858465608465608
COMP_00398,6,0.507994018863584
COMP_00399,4,0.6986144740382029
COMP_00400,9,0.7703373015873015
COMP_00401,9,0.42857142857142855
COMP_00402,4,0.7460317460317459
COMP_00403,4,0.705026455026455
COMP_00404,9,0.7142857142857143
COMP_00405,9,0.6309523809523809
COMP_00406,5,0.7023809523809523
COMP_00407,633,0.9761904761904763
COMP_00408,4,0.865079365079365
COMP_00409,5,0.4642857142857143
COMP_00410,6,0.5465139642354832
COMP_00411,633,0.6309523809523809
COMP_00412,633,0.5085978835978836
COMP_00413,4,0.26984126984126977
COMP_00414,8,0.2222222222222222
COMP_00415,9,0.7491789819376026
COMP_00416,9,0.7142857142857143
COMP_00417,2,1.0
COMP_00418,5,0.45238095238095233
COMP_00419,4,0.49603174603174605
COMP_00420,5,0.8888888888888888
COMP_00421,4,0.9193121693121692
COMP_00422,4,0.8412698412698412
COMP_00423,9,0.7698412698412699
COMP_00424,4,0.734126984126984
COMP_00425,7,0.6607142857142857
COMP_00426,1,0.613015873015873
COMP_00427,4,0.8452380952380952
COMP_00428,4,0.8452380952380952
COMP_00429,9,0.8174603174603173
COMP_00430,9,0.8373015873015873
COMP_00431,4,0.5634920634920634
COMP_00432,9,0.7142857142857143
COMP_00433,5,0.1428571428571428
COMP_00434,9,0.8412698412698413
COMP_00435,7,0.8789682539682541
COMP_00436,8,0.5132841015193956
COMP_00437,8,0.2936507936507937
COMP_00438,633,0.1428571428571428
COMP_00439,8,0.9206349206349205
COMP_00440,8,0.6616868969810147
COMP_00441,4,0.31746031746031744
COMP_00442,4,0.4166666666666666
COMP_00443,4,0.43650793650793646
COMP_00444,4,0.5426587301587301
COMP_00445,4,0.7619047619047619
COMP_00446,4,0.9113756613756614
COMP_00447,4,0.4583333333333333
COMP_00448,4,0.7671957671957672
COMP_00449,4,0.4801587301587301
COMP_00450,4,0.613095238095238
COMP_00451,4,0.5119047619047619
COMP_00452,4,0.7605820105820106
COMP_00453,4,0.49920634920634915
COMP_00454,4,1.0
COMP_00455,4,0.5533730158730158
COMP_00456,4,0.6122448979591837
COMP_00457,4,0.40873015873015867
COMP_00458,4,0.4325396825396825
COMP_00459,4,0.46031746031746024
COMP_00460,8,0.7182539682539683
COMP_00461,8,0.7444444444444445
COMP_00462,9,0.7718253968253967
COMP_00463,633,0.8571428571428571
COMP_00464,633,0.751984126984127
COMP_00465,633,0.5763888888888888
COMP_00466,633,1.0
COMP_00467,633,0.9285714285714286
COMP_00468,633,0.7936507936507936
COMP_00469,633,0.7698412698412698
COMP_00470,633,0.6388888888888888
COMP_00471,633,0.6309523809523809
COMP_00472,8,0.5515873015873015
COMP_00473,4,0.574074074074074
COMP_00474,4,0.5972222222222222
COMP_00475,633,0.8432539682539683
COMP_00476,633,0.5992063492063492
COMP_00477,633,0.7137566137566138
COMP_00478,633,1.0
COMP_00479,633,0.6448412698412699
COMP_00480,633,0.7568027210884353
COMP_00481,633,0.665079365079365
COMP_00482,633,0.6428571428571428
COMP_00483,633,0.6111111111111112
COMP_00484,633,0.6071428571428571
COMP_00485,8,0.5277777777777777
COMP_00486,1,0.8412698412698414
COMP_00487,2,0.7046485260770975
COMP_00488,1,0.6475970017636684
COMP_00489,4,0.4722222222222222
COMP_00490,4,1.0
COMP_00491,9,0.5079365079365078
COMP_00492,9,0.8379629629629629
COMP_00493,1,0.679644533869886
COMP_00494,9,0.976190476190476
COMP_00495,1,0.734920634920635
COMP_00496,4,0.7063492063492064
COMP_00497,1,0.2738095238095238
COMP_00498,7,0.9841269841269842
COMP_00499,1,0.7113095238095238
COMP_00500,9,0.9126984126984128
COMP_00501,9,0.8571428571428571
COMP_00502,9,0.8412698412698413
COMP_00503,7,0.9841269841269842
COMP_00504,9,0.7271825396825397
COMP_00505,634,0.7499999999999999
COMP_00506,9,0.16269841269841268
COMP_00507,1,0.760204081632653
COMP_00508,7,0.896825396825397
COMP_00509,4,0.37301587301587297
COMP_00510,4,0.7976190476190477
COMP_00511,9,0.8849206349206349
COMP_00512,9,0.19841269841269835
COMP_00513,632,0.2162698412698412
COMP_00514,4,0.47619047619047616
COMP_00515,4,0.4047619047619047
COMP_00516,7,0.5992063492063492
COMP_00517,7,0.9801587301587301
COMP_00518,9,0.861111111111111
COMP_00519,9,0.8571428571428571
COMP_00520,9,0.7420634920634921
COMP_00521,5,0.5886243386243387
COMP_00522,634,0.7539682539682538
COMP_00523,4,0.4206349206349206
COMP_00524,4,0.4484126984126984
COMP_00525,4,0.5879818594104308
COMP_00526,4,0.4027777777777778
COMP_00527,4,0.5337301587301587
COMP_00528,4,0.9325396825396824
COMP_00529,4,0.5119047619047619
COMP_00530,4,0.4325396825396825
COMP_00531,4,0.36507936507936506
COMP_00532,4,0.5570436507936507
COMP_00533,4,0.5418871252204585
COMP_00534,4,0.56859410430839
COMP_00535,4,0.5357142857142857
COMP_00536,4,0.4563492063492063
COMP_00537,4,0.1428571428571428
COMP_00538,4,0.5992063492063492
COMP_00539,4,0.5396825396825397
COMP_00540,4,0.7182539682539683
COMP_00541,4,0.16666666666666663
COMP_00542,4,0.7142857142857143
COMP_00543,4,0.43650793650793646
COMP_00544,4,0.5357142857142857
COMP_00545,4,0.2857142857142857
COMP_00546,4,0.5542328042328042
COMP_00547,4,0.611111111111111
COMP_00548,4,0.45861678004535145
COMP_00549,4,0.5773809523809523
COMP_00550,4,0.5198412698412699
COMP_00551,4,0.36111111111111105
COMP_00552,4,0.3452380952380952
COMP_00553,4,0.4563492063492063
COMP_00554,4,0.17460317460317454
COMP_00555,4,0.6984126984126985
COMP_00556,4,0.6468253968253967
COMP_00557,4,0.3452380952380952
COMP_00558,9,0.7442680776014109
COMP_00559,9,0.492063492063492
COMP_00560,4,0.5714285714285714
COMP_00561,7,0.6746031746031745
COMP_00562,5,0.35714285714285715
COMP_00563,9,1.0
COMP_00564,4,0.7142857142857143
COMP_00565,2,0.6145014640160271
COMP_00566,5,0.5039682539682538
COMP_00567,1,0.7477324263038548
COMP_00568,5,0.7499999999999999
COMP_00568,7,0.705026455026455
COMP_00568,9,0.3928571428571428
COMP_00569,5,0.851190476190476
COMP_00570,5,0.7311056998556998
COMP_00571,5,0.6984126984126984
COMP_00572,633,0.7757936507936508
COMP_00573,9,0.7936507936507936
COMP_00574,9,0.5753968253968254
COMP_00575,9,0.757936507936508
COMP_00576,9,1.0
COMP_00577,9,0.5277777777777778
COMP_00578,9,0.8174603174603176
COMP_00579,5,0.7017195767195766
COMP_00580,633,0.5878684807256236
COMP_00581,4,0.746031746031746
COMP_00582,5,0.35813492063492064
COMP_00583,5,0.6825396825396824
COMP_00584,4,0.5992063492063492
COMP_00585,9,0.7936507936507936
COMP_00586,8,0.623015873015873
COMP_00587,4,0.7142857142857142
COMP_00588,4,0.31481481481481477
COMP_00589,632,0.7142857142857143
COMP_00590,9,0.5714285714285714
COMP_00591,5,0.692063492063492
COMP_00592,4,0.8214285714285713
COMP_00593,9,0.8333333333333334
COMP_00594,9,0.7440476190476191
COMP_00595,3,0.7156084656084656
COMP_00596,633,0.7142857142857143
COMP_00597,633,0.7910052910052909
COMP_00598,9,0.7333333333333333
COMP_00599,9,0.7678571428571428
COMP_00600,7,1.0
COMP_00601,632,0.8571428571428571
COMP_00602,1,0.6566846036660278
COMP_00603,5,0.7342767295597484
COMP_00604,632,0.8650793650793651
COMP_00605,7,0.9920634920634921
COMP_00606,7,0.8571428571428571
COMP_00607,4,0.4047619047619047
COMP_00608,3,0.3365079365079365
COMP_00609,9,0.9365079365079363
COMP_00610,3,0.20634920634920628
COMP_00611,7,0.8571428571428571
COMP_00612,9,0.5714285714285714
COMP_00613,4,0.8730158730158729
COMP_00614,9,0.8531746031746033
COMP_00615,9,0.8849206349206349
COMP_00616,4,0.7420634920634921
COMP_00617,4,0.6071428571428572
COMP_00618,4,0.7301587301587301
COMP_00619,632,0.7023809523809523
COMP_00620,3,0.7261904761904762
COMP_00621,4,0.8095238095238095
COMP_00622,4,0.7103174603174603
COMP_00623,4,0.3333333333333333
COMP_00624,8,0.16269841269841268
COMP_00625,4,0.9285714285714286
COMP_00626,4,0.5357142857142857
COMP_00627,3,0.678743961352657
COMP_00628,1,0.35317460317460314
COMP_00629,9,0.9484126984126983
COMP_00630,632,0.5833333333333334
COMP_00631,4,0.7103174603174603
COMP_00632,633,0.7142857142857143
COMP_00633,4,0.6369047619047619
COMP_00634,9,1.0
COMP_00635,632,0.9424603174603176
COMP_00636,4,0.8174603174603176
COMP_00637,1,0.6884920634920635
COMP_00638,9,0.8452380952380951
COMP_00639,9,0.8134920634920635
COMP_00640,9,0.5277777777777778
COMP_00641,9,0.9292328042328043
COMP_00642,9,0.7817460317460317
COMP_00643,9,0.7690476190476191
COMP_00644,9,0.876984126984127
COMP_00645,632,0.1428571428571428
COMP_00646,632,0.988095238095238
COMP_00647,3,0.6935626102292769
COMP_00648,7,0.7341269841269841
COMP_00649,9,0.8888888888888888
COMP_00650,9,0.7698412698412698
COMP_00651,9,0.876984126984127
COMP_00652,4,0.7261904761904762
COMP_00653,5,0.4007936507936508
COMP_00654,6,0.5237484737484737
COMP_00655,4,0.8333333333333334
COMP_00656,9,0.42857142857142855
COMP_00657,9,0.7956349206349205
COMP_00658,5,0.7515151515151515
COMP_00659,4,0.8452380952380952
COMP_00660,633,0.798941798941799
COMP_00661,5,0.8055555555555555
COMP_00662,7,0.19047619047619044
COMP_00663,4,0.6825396825396826
COMP_00664,4,0.2063492063492063
COMP_00665,4,0.7222222222222221
COMP_00666,4,0.7817460317460319
COMP_00667,633,0.7142857142857143
COMP_00668,9,0.3968253968253967
COMP_00669,3,0.6775793650793651
COMP_00670,1,0.31746031746031744
COMP_00671,4,0.9074074074074074
COMP_00672,9,0.8452380952380951
COMP_00673,6,0.5598212703475861
COMP_00674,4,0.6626984126984127
COMP_00675,9,0.8313492063492063
COMP_00676,9,0.8571428571428571
COMP_00677,9,0.7420634920634921
COMP_00678,9,0.8611111111111112
COMP_00679,9,0.5873015873015873
COMP_00680,634,0.42857142857142855
COMP_00681,9,0.8571428571428571
COMP_00682,4,0.3492063492063492
COMP_00683,633,0.8452380952380952
COMP_00684,633,0.3586691086691086
COMP_00685,5,0.8571428571428571
COMP_00686,9,0.7460317460317459
COMP_00687,5,0.42857142857142855
COMP_00688,7,0.3968253968253968
COMP_00689,5,0.6412440314879339
COMP_00690,3,0.6509920634920634
COMP_00691,8,0.3531746031746031
COMP_00692,8,0.38624338624338617
COMP_00693,5,0.9861111111111112
COMP_00694,4,0.6904761904761905
COMP_00695,7,0.7928571428571427
COMP_00696,633,0.738095238095238
COMP_00697,633,0.9126984126984126
COMP_00698,9,0.9682539682539684
COMP_00699,632,0.246031746031746
COMP_00700,7,1.0
COMP_00701,3,0.8412698412698413
COMP_00702,1,0.7718253968253967
COMP_00703,4,0.7023809523809523
COMP_00704,1,0.8809523809523809
COMP_00705,2,0.7476190476190475
COMP_00706,5,0.8392857142857142
COMP_00707,1,0.4182539682539682
COMP_00708,4,0.7321428571428571
COMP_00709,4,0.5932539682539681
COMP_00710,6,0.6071428571428571
COMP_00711,4,0.4957837301587301
COMP_00712,632,0.988095238095238
COMP_00713,9,0.8308913308913309
COMP_00714,9,0.9523809523809523
COMP_00715,9,0.988095238095238
COMP_00716,7,0.8928571428571428
COMP_00717,5,0.6006944444444444
COMP_00718,632,1.0
COMP_00719,9,0.4365079365079365
COMP_00720,4,0.5595238095238094
COMP_00721,1,0.5873015873015873
COMP_00722,4,0.7103174603174603
COMP_00723,8,0.3148148148148148
COMP_00724,7,0.8571428571428571
COMP_00725,9,0.371031746031746
COMP_00726,5,0.9722222222222222
COMP_00727,9,0.9404761904761906
COMP_00728,5,0.9186507936507936
COMP_00729,4,0.6111111111111112
COMP_00730,4,0.5317460317460316
COMP_00731,632,1.0
COMP_00732,633,0.976190476190476
COMP_00733,7,0.664975279729378
COMP_00734,9,0.988095238095238
COMP_00735,4,1.0
COMP_00736,9,0.5714285714285714
COMP_00737,9,0.6185515873015873
COMP_00738,4,0.876984126984127
COMP_00739,4,0.8531746031746033
COMP_00740,6,0.613302534944326
COMP_00741,4,0.5952380952380952
COMP_00742,9,0.615079365079365
COMP_00743,633,0.5992063492063492
COMP_00744,633,0.6155202821869488
COMP_00745,4,0.9444444444444444
COMP_00746,632,0.6785714285714284
COMP_00747,7,0.739091073691834
COMP_00748,9,1.0
COMP_00749,7,0.28968253968253965
COMP_00750,9,0.8531746031746033
COMP_00751,4,0.3333333333333333
COMP_00752,8,0.24206349206349198
COMP_00753,6,0.5324074074074073
COMP_00754,5,0.7142857142857142
COMP_00755,633,0.7321428571428571
COMP_00756,633,0.7023809523809523
COMP_00757,8,0.7817460317460317
COMP_00758,8,0.5714285714285714
COMP_00759,8,0.6507936507936508
COMP_00760,633,0.6369047619047619
COMP_00761,4,0.3134920634920635
COMP_00762,8,0.2202380952380952
COMP_00763,6,0.5579975579975579
COMP_00764,5,0.8082010582010583
COMP_00765,9,0.7648809523809523
COMP_00766,7,0.7761904761904761
COMP_00767,633,0.5634920634920635
COMP_00768,4,0.4365079365079365
COMP_00769,4,0.2817460317460317
COMP_00770,7,0.7426303854875284
COMP_00771,6,0.1785714285714285
COMP_00772,4,0.3134920634920635
COMP_00773,4,0.19841269841269835
COMP_00774,5,0.4814814814814814
COMP_00775,5,0.29232804232804227
COMP_00776,5,0.5833333333333333
COMP_00777,1,0.6614100185528756
COMP_00778,9,0.763668430335097
COMP_00779,7,0.9920634920634921
COMP_00780,9,0.7142857142857143
COMP_00781,7,1.0
COMP_00782,632,1.0
COMP_00783,9,0.7919501133786847
COMP_00784,9,0.742063492063492
COMP_00785,4,0.566468253968254
COMP_00786,634,0.706254724111867
COMP_00787,9,0.6547619047619048
COMP_00788,5,0.4722222222222222
COMP_00789,9,0.7698412698412699
COMP_00790,4,0.2579365079365079
COMP_00791,633,0.6626984126984127
COMP_00792,5,0.4444444444444444
COMP_00793,632,1.0
COMP_00794,7,0.6890408645727795
COMP_00795,5,0.3134920634920635
COMP_00796,4,0.550705467372134
COMP_00797,9,0.9484126984126983
COMP_00798,1,0.8156084656084656
COMP_00799,632,0.5714285714285713
COMP_00800,4,0.39285714285714285
COMP_00801,4,0.7142857142857143
COMP_00802,4,0.8571428571428572
COMP_00803,633,0.7857142857142857
COMP_00804,633,0.8201058201058201
COMP_00805,9,0.5714285714285714
COMP_00806,9,0.5714285714285714
COMP_00807,9,0.7142857142857144
COMP_00808,9,0.4285714285714285
COMP_00809,4,0.625
COMP_00810,633,0.8293650793650793
COMP_00811,5,0.42857142857142855
COMP_00812,4,0.7545592705167173
COMP_00813,9,0.8333333333333334
COMP_00814,5,0.5515873015873015
COMP_00815,9,0.9468253968253968
COMP_00816,9,0.8015873015873016
COMP_00817,5,0.4285714285714285
COMP_00818,6,0.44047619047619047
COMP_00819,632,0.19047619047619044
COMP_00820,9,0.945578231292517
COMP_00821,633,0.43783068783068785
COMP_00822,633,0.628968253968254
COMP_00823,633,0.635831381733021
COMP_00824,8,0.2857142857142857
COMP_00825,5,0.8492063492063492
COMP_00826,9,0.9365079365079363
COMP_00827,9,0.7970085470085471
COMP_00828,5,0.5159402744148506
COMP_00829,632,0.7003968253968255
COMP_00830,632,0.2797619047619047
COMP_00831,633,0.9087301587301586
COMP_00832,1,0.519047619047619
COMP_00833,632,0.8055555555555556
COMP_00834,3,0.6615079365079365
COMP_00835,8,0.4300144300144299
COMP_00836,4,0.5414377289377289
COMP_00837,9,0.4484126984126983
COMP_00838,4,0.8187830687830687
COMP_00839,8,0.4688208616780045
COMP_00840,633,0.7420634920634921
COMP_00841,3,0.7263027852650494
COMP_00842,3,0.7046130952380952
COMP_00843,4,0.8571428571428571
COMP_00844,9,0.7146258503401359
COMP_00845,6,0.753968253968254
COMP_00846,9,0.8412698412698413
COMP_00847,632,0.7235772357723578
COMP_00848,632,0.47486772486772477
COMP_00849,4,0.8095238095238094
COMP_00850,4,0.8888888888888888
COMP_00851,3,0.7420634920634921
COMP_00852,5,0.757002801120448
COMP_00853,3,0.2698412698412698
COMP_00854,4,0.6904761904761906
COMP_00855,632,0.7936507936507936
COMP_00856,4,0.9007936507936508
COMP_00857,3,0.5158730158730158
COMP_00858,4,0.8095238095238094
COMP_00859,4,0.861111111111111
COMP_00860,9,0.757936507936508
COMP_00861,4,0.7966269841269841
COMP_00862,9,0.7777777777777777
COMP_00863,4,0.8373015873015872
COMP_00864,4,0.8571428571428572
COMP_00865,632,0.5615079365079365
COMP_00866,632,0.30158730158730157
COMP_00867,634,0.9126984126984128
COMP_00868,1,0.723015873015873
COMP_00869,4,0.8968253968253967
COMP_00870,4,0.8386243386243386
COMP_00871,9,0.7142857142857143
COMP_00872,632,0.9007936507936508
COMP_00873,4,0.5395869191049913
COMP_00874,632,0.7738095238095238
COMP_00875,633,0.7138787138787138
COMP_00876,633,0.8571428571428572
COMP_00877,9,0.8670634920634921
COMP_00878,4,0.8412698412698413
COMP_00879,4,0.6111111111111112
COMP_00880,9,1.0
COMP_00881,9,0.7142857142857143
COMP_00882,9,0.7182539682539683
COMP_00883,5,0.4801587301587301
COMP_00884,4,0.7142857142857142
COMP_00885,9,0.748015873015873
COMP_00886,5,0.8783068783068784
COMP_00887,632,0.7896825396825395
COMP_00888,4,0.4325396825396825
COMP_00889,632,0.9841269841269842
COMP_00890,4,1.0
COMP_00891,3,0.7936507936507936
COMP_00892,4,0.6984126984126984
COMP_00893,4,0.19841269841269835
COMP_00894,4,0.6964285714285714
COMP_00895,9,0.8346560846560847
COMP_00896,9,0.7434266327396098
COMP_00897,4,0.2817460317460317
COMP_00898,4,0.8253968253968256
COMP_00899,634,0.6685971685971686
COMP_00900,5,0.7936507936507937
COMP_00901,3,0.7195767195767195
COMP_00902,4,1.0
COMP_00903,9,0.7500000000000001
COMP_00904,633,0.6218820861678005
COMP_00905,5,0.34722222222222215
COMP_00906,1,0.9920634920634921
COMP_00907,1,0.4497354497354497
COMP_00908,4,0.7082388510959939
COMP_00909,9,0.8273809523809524
COMP_00910,5,0.5357142857142857
COMP_00911,8,0.4484126984126984
COMP_00912,8,0.7936507936507937
COMP_00913,8,0.8373015873015872
COMP_00914,9,0.5714285714285714
COMP_00915,633,0.8082010582010581
COMP_00916,2,0.6545074636072045
COMP_00916,5,0.9722222222222222
COMP_00917,1,0.5714285714285714
COMP_00918,7,1.0
COMP_00919,633,0.6071428571428571
COMP_00920,9,0.6040564373897707
COMP_00921,4,0.626984126984127
COMP_00922,1,0.7757485569985569
COMP_00923,4,0.8968253968253967
COMP_00924,9,0.9404761904761904
COMP_00925,633,0.17979797979797973
COMP_00926,5,0.1428571428571428
COMP_00927,4,0.6309523809523809
COMP_00928,4,0.876984126984127
COMP_00929,4,0.4722222222222222
COMP_00930,4,0.623015873015873
COMP_00931,4,0.7698412698412698
COMP_00932,5,0.5317460317460316
COMP_00933,632,0.8988095238095237
COMP_00934,633,0.6150793650793651
COMP_00935,9,0.6441326530612245
COMP_00936,9,0.8317460317460318
COMP_00937,632,0.946031746031746
COMP_00938,634,0.34788359788359785
COMP_00939,1,0.9404761904761906
COMP_00940,4,0.7777777777777777
COMP_00941,7,0.6309523809523809
COMP_00942,9,0.8095238095238096
COMP_00943,4,0.6785714285714285
COMP_00944,4,0.5476190476190476
COMP_00945,3,0.9103174603174603
COMP_00946,4,0.7936507936507937
COMP_00947,632,0.7182539682539681
COMP_00948,8,0.622782446311858
COMP_00949,7,0.9682539682539684
COMP_00950,7,0.7261904761904762
COMP_00951,634,0.6502267573696145
COMP_00952,4,0.9206349206349205
COMP_00953,9,0.24999999999999994
COMP_00954,8,0.8015873015873016
COMP_00955,6,0.5744047619047619
COMP_00956,5,1.0
COMP_00957,5,1.0
COMP_00958,5,1.0
COMP_00959,633,0.5912698412698413
COMP_00960,3,0.6210317460317459
COMP_00961,4,0.5224867724867726
COMP_00962,4,0.7341269841269841
COMP_00963,8,0.6944444444444444
COMP_00964,633,0.6579794079794079
COMP_00965,4,0.611111111111111
COMP_00966,6,0.30291005291005285
COMP_00967,8,1.0
COMP_00968,8,0.3611111111111111
COMP_00969,4,0.5952380952380953
COMP_00970,4,0.4778439153439154
COMP_00971,4,0.6468253968253967
COMP_00972,8,0.4047619047619047
COMP_00973,8,0.5952380952380952
COMP_00974,9,0.4642857142857142
COMP_00975,9,0.75
COMP_00976,8,0.3769841269841269
COMP_00977,3,0.794973544973545
COMP_00978,3,0.7822751322751323
COMP_00979,9,0.8571428571428571
COMP_00980,4,0.7658730158730159
COMP_00981,4,0.7420634920634921
COMP_00982,5,0.7857142857142857
COMP_00983,1,0.7996031746031746
COMP_00984,5,0.9206349206349205
COMP_00985,634,0.4404761904761904
COMP_00986,1,0.5873015873015872
COMP_00987,4,1.0
COMP_00988,633,0.7490079365079365
COMP_00989,6,0.3055555555555555
COMP_00990,8,0.42063492063492053
COMP_00991,8,0.7215608465608466
COMP_00992,8,0.7380952380952381
COMP_00993,8,0.48844246031746025
COMP_00994,8,0.5291005291005291
COMP_00995,8,0.740079365079365
COMP_00996,8,1.0
COMP_00997,8,0.42857142857142855
COMP_00998,8,0.7724292615596963
COMP_00999,8,0.6746031746031745
COMP_01000,8,0.7301587301587301
COMP_01001,8,1.0
COMP_01002,8,0.8571428571428571
COMP_01003,8,0.6706349206349206
COMP_01004,8,0.6520562770562771
COMP_01005,8,0.5730111489040061
COMP_01006,8,0.3869867506231142
COMP_01007,8,0.5398105478750639
COMP_01008,8,0.27380952380952384
COMP_01009,8,0.8373015873015873
COMP_01010,8,0.6626984126984127
COMP_01011,5,0.1428571428571428
COMP_01012,6,0.21428571428571422
COMP_01013,8,0.41865079365079355
COMP_01014,8,0.5694444444444444
COMP_01015,8,0.3293650793650793
COMP_01016,8,0.3829365079365079
COMP_01017,8,0.35119047619047616
COMP_01018,5,0.8634920634920635
COMP_01019,8,0.23015873015873012
COMP_01020,9,0.9166666666666666
COMP_01021,4,0.4126984126984126
COMP_01022,632,0.6111111111111112
COMP_01023,633,0.8571428571428571
COMP_01024,8,0.6883597883597884
COMP_01025,8,0.3571428571428571
COMP_01026,4,0.697089947089947
COMP_01027,4,0.6150793650793651
COMP_01028,9,0.8373015873015873
COMP_01029,4,0.8968253968253966
COMP_01030,9,0.7142857142857142
COMP_01031,4,0.7063492063492063
COMP_01032,4,0.1428571428571428
COMP_01033,633,0.6406525573192239
COMP_01034,1,0.6395502645502645
COMP_01035,9,0.9285714285714286
COMP_01036,634,0.14285714285714277
COMP_01037,3,0.46164021164021163
COMP_01038,633,0.8253968253968256
COMP_01039,5,0.5714285714285713
COMP_01040,1,0.21825396825396817
COMP_01041,4,0.3531746031746031
COMP_01042,9,0.8253968253968254
COMP_01043,633,0.4126984126984126
COMP_01044,7,0.1428571428571428
COMP_01045,3,0.6216931216931216
COMP_01046,1,0.37301587301587297
COMP_01047,9,0.7129629629629629
COMP_01048,2,0.3055555555555555
COMP_01049,5,0.3638888888888888
COMP_01050,4,0.6805555555555556
COMP_01051,633,0.7526984126984128
COMP_01052,4,0.9960317460317462
COMP_01053,4,0.8492063492063492
COMP_01054,7,0.7290764790764791
COMP_01055,9,0.7142857142857143
COMP_01056,633,0.8412698412698412
COMP_01057,9,0.7252456538170824
COMP_01058,3,0.7380952380952381
COMP_01059,8,0.7142857142857144
COMP_01060,9,0.6904761904761904
COMP_01061,6,0.4222222222222222
COMP_01062,634,0.8571428571428572
COMP_01063,9,0.9365079365079363
COMP_01064,9,0.626984126984127
COMP_01065,1,0.5046296296296295
COMP_01066,5,0.6795634920634921
COMP_01067,5,0.6785714285714285
COMP_01068,4,0.6746031746031744
COMP_01069,633,0.5770975056689341
COMP_01070,4,1.0
COMP_01071,9,0.8571428571428571
COMP_01072,7,1.0
COMP_01073,9,0.7539682539682538
COMP_01074,5,0.5674603174603174
COMP_01075,9,0.8373015873015872
COMP_01076,7,0.3849206349206349
COMP_01077,7,0.6507936507936507
COMP_01078,7,0.376984126984127
COMP_01079,4,0.7142857142857143
COMP_01080,9,0.27777777777777773
COMP_01081,1,0.8188405797101449
COMP_01082,1,0.7738095238095237
COMP_01083,7,0.8214285714285713
COMP_01084,9,0.7142857142857143
COMP_01085,9,1.0
COMP_01086,6,0.47619047619047616
COMP_01087,9,0.7261904761904763
COMP_01088,4,0.7645502645502646
COMP_01089,4,0.7083333333333334
COMP_01090,9,0.7400793650793651
COMP_01091,6,0.6964285714285714
COMP_01092,633,0.9682539682539681
COMP_01093,633,0.43253968253968245
COMP_01094,9,0.36904761904761896
COMP_01095,9,0.42857142857142855
COMP_01096,4,0.5317460317460317
COMP_01097,4,0.2658730158730158
COMP_01098,633,0.6626984126984128
COMP_01099,5,0.6607142857142857
COMP_01100,5,0.15079365079365076
COMP_01101,632,0.5079365079365079
COMP_01102,632,0.24999999999999994
COMP_01103,4,0.976190476190476
COMP_01104,9,0.7857142857142857
COMP_01105,4,0.878968253968254
COMP_01106,5,0.7607709750566892
COMP_01107,9,0.8346560846560847
COMP_01108,1,0.7245370370370371
COMP_01109,9,0.9563492063492062
COMP_01110,9,0.7936507936507936
COMP_01111,1,0.38095238095238093
COMP_01112,1,0.7436417748917749
COMP_01113,9,0.6825396825396824
COMP_01114,4,0.611111111111111
COMP_01115,633,0.9563492063492064
COMP_01116,4,0.492063492063492
COMP_01117,9,0.9285714285714286
COMP_01118,632,0.6984126984126985
COMP_01119,9,0.8849206349206349
COMP_01120,7,0.776984126984127
COMP_01121,633,0.5119047619047619
COMP_01122,1,0.6924603174603174
COMP_01123,1,0.6718880534670008
COMP_01124,1,0.7758030542390731
COMP_01125,9,0.9603174603174602
COMP_01126,9,0.41666666666666663
COMP_01127,5,0.594058344058344
COMP_01128,4,0.7103174603174603
COMP_01129,9,0.6031746031746031
COMP_01130,9,0.7142857142857143
COMP_01131,632,0.6825396825396826
COMP_01132,4,0.20634920634920628
COMP_01133,4,0.47619047619047616
COMP_01134,4,0.4087301587301587
COMP_01135,4,0.41666666666666663
COMP_01136,4,0.7619047619047619
COMP_01137,1,0.906112799729821
COMP_01138,9,0.8690476190476191
COMP_01139,4,0.7023809523809523
COMP_01140,4,1.0
COMP_01141,5,0.8174603174603176
COMP_01142,4,0.5453514739229024
COMP_01143,8,0.742063492063492
COMP_01144,633,0.7460317460317459
COMP_01145,9,0.7063492063492064
COMP_01146,9,0.7698412698412699
COMP_01147,1,0.6670209750566893
COMP_01148,4,0.5714285714285715
COMP_01149,632,0.8373015873015873
COMP_01150,632,0.8029100529100529
COMP_01151,6,0.4993386243386243
COMP_01152,4,0.976190476190476
COMP_01153,9,0.8571428571428571
COMP_01154,632,0.8333333333333333
COMP_01155,6,0.492063492063492
COMP_01156,4,1.0
COMP_01157,1,0.8112874779541446
COMP_01158,4,0.8849206349206349
COMP_01159,8,0.23809523809523808
COMP_01160,9,0.9603174603174602
COMP_01161,9,0.6857142857142858
COMP_01162,9,0.6309523809523809
COMP_01163,4,0.2857142857142857
COMP_01164,7,0.7738095238095237
COMP_01165,4,0.5521541950113379
COMP_01166,4,0.16666666666666663
COMP_01167,4,0.5714285714285714
COMP_01168,4,0.5595238095238094
COMP_01169,4,0.9404761904761904
COMP_01170,4,0.36904761904761896
COMP_01171,4,0.40476190476190477
COMP_01172,633,0.4444444444444444
COMP_01173,9,0.7738095238095238
COMP_01174,7,0.6666666666666667
COMP_01174,9,0.7361111111111112
COMP_01175,632,0.7156084656084656
COMP_01176,633,0.5824514991181657
COMP_01177,4,0.1785714285714285
COMP_01178,9,0.8571428571428571
COMP_01179,5,0.2698412698412698
COMP_01180,5,0.246031746031746
COMP_01181,632,0.44047619047619047
COMP_01182,4,0.7380952380952379
COMP_01183,4,0.7777777777777777
COMP_01184,1,0.838095238095238
COMP_01185,5,0.3783068783068782
COMP_01186,5,0.17460317460317454
COMP_01187,5,0.38208616780045346
COMP_01188,9,0.8571428571428571
COMP_01189,632,0.6333333333333333
COMP_01190,632,0.898809523809524
COMP_01191,632,0.7289682539682538
COMP_01192,632,1.0
COMP_01193,632,0.7738095238095238
COMP_01194,632,0.8968253968253966
COMP_01195,5,0.9007936507936508
COMP_01196,9,0.6428571428571428
COMP_01197,4,0.6587301587301586
COMP_01198,4,0.6376984126984127
COMP_01199,4,0.6626984126984126
COMP_01200,9,0.5714285714285714
COMP_01201,9,0.8412698412698412
COMP_01202,4,0.7142857142857143
COMP_01203,1,0.8478835978835977
COMP_01204,9,0.8095238095238095
COMP_01205,4,0.8571428571428571
COMP_01206,5,0.9484126984126985
COMP_01207,4,0.7162698412698413
COMP_01208,5,0.6984126984126984
COMP_01209,5,0.8650793650793651
COMP_01210,9,0.8571428571428572
COMP_01211,4,0.6587301587301587
COMP_01212,4,0.8571428571428571
COMP_01213,4,0.7976190476190477
COMP_01214,632,0.31547619047619047
COMP_01215,632,0.6481481481481481
COMP_01216,7,0.21428571428571427
COMP_01217,3,0.697089947089947
COMP_01218,4,0.8339345839345839
COMP_01219,4,0.8022486772486772
COMP_01220,633,0.7753968253968253
COMP_01221,4,0.8809523809523809
COMP_01222,4,0.25396825396825395
COMP_01223,632,1.0
COMP_01224,4,0.7513227513227513
COMP_01225,4,0.8888888888888888
COMP_01226,4,0.9841269841269842
COMP_01227,9,0.9444444444444444
COMP_01228,4,0.764041514041514
COMP_01229,3,0.7686838624338624
COMP_01230,633,0.8492063492063492
COMP_01231,1,0.7103174603174603
COMP_01232,632,0.9960317460317462
COMP_01233,9,0.8571428571428571
COMP_01234,632,0.5920081210778885
COMP_01235,633,0.8452380952380953
COMP_01236,5,0.5753968253968254
COMP_01237,5,0.28174603174603174
COMP_01238,9,0.8273809523809523
COMP_01239,5,0.5251322751322751
COMP_01240,4,0.4999999999999999
COMP_01241,633,0.5345804988662132
COMP_01242,9,0.8079365079365078
COMP_01243,4,0.6547619047619048
COMP_01244,9,0.8095238095238095
COMP_01245,9,0.7777777777777778
COMP_01246,9,0.8015873015873016
COMP_01247,633,0.8571428571428572
COMP_01248,9,0.5753968253968254
COMP_01249,3,0.9642857142857143
COMP_01250,9,0.8968253968253967
COMP_01251,9,0.7261904761904762
COMP_01252,5,0.17460317460317457
COMP_01253,9,0.9960317460317462
COMP_01254,4,0.1428571428571428
COMP_01255,9,0.6388888888888888
COMP_01256,7,0.14852607709750562
COMP_01257,4,0.7619047619047619
COMP_01258,4,0.22619047619047614
COMP_01259,632,0.6666666666666666
COMP_01260,4,0.7142857142857143
COMP_01261,632,0.6666666666666667
COMP_01262,4,0.5555555555555556
COMP_01263,632,0.746031746031746
COMP_01264,4,0.8769841269841269
COMP_01265,4,1.0
COMP_01266,4,0.7698412698412698
COMP_01267,4,0.19841269841269835
COMP_01268,3,0.2976190476190476
COMP_01269,3,0.4126984126984127
COMP_01270,4,0.7142857142857143
COMP_01271,9,0.746031746031746
COMP_01272,4,0.7142857142857143
COMP_01273,4,0.8571428571428571
COMP_01274,9,0.8571428571428572
COMP_01275,633,0.5555555555555556
COMP_01276,634,0.742063492063492
COMP_01277,4,0.39285714285714285
COMP_01278,5,0.7599206349206349
COMP_01279,8,0.5753968253968254
COMP_01280,9,0.6904761904761905
COMP_01281,7,0.6468253968253967
COMP_01282,632,0.47619047619047616
COMP_01283,4,0.44444444444444436
COMP_01284,4,0.7023809523809523
COMP_01285,4,0.623015873015873
COMP_01286,9,0.8253968253968255
COMP_01287,7,0.8015873015873015
COMP_01288,9,0.878968253968254
COMP_01289,9,0.6944444444444444
COMP_01290,7,0.7037037037037037
COMP_01291,9,0.8611111111111112
COMP_01292,4,0.5873015873015872
COMP_01293,9,0.9166666666666666
COMP_01294,7,1.0
COMP_01295,9,0.7896825396825398
COMP_01296,5,0.47718253968253965
COMP_01297,5,0.8214285714285715
COMP_01298,633,0.5873015873015872
COMP_01299,5,0.7447089947089945
COMP_01300,5,0.8412698412698413
COMP_01301,4,0.8935185185185185
COMP_01302,4,0.18154761904761896
COMP_01303,4,0.6428571428571428
COMP_01304,4,0.8015873015873016
COMP_01305,7,0.9484126984126983
COMP_01306,9,0.9947089947089948
COMP_01307,7,0.5317460317460316
COMP_01308,7,0.7522953625894802
COMP_01309,1,0.48809523809523814
COMP_01310,8,0.8293650793650794
COMP_01311,2,0.6854875283446712
COMP_01312,7,0.8928571428571428
COMP_01313,7,0.976190476190476
COMP_01314,5,0.8531746031746031
COMP_01315,9,0.9801587301587301
COMP_01316,2,0.7142857142857142
COMP_01317,9,0.49603174603174593
COMP_01318,7,0.8214285714285714
COMP_01319,5,0.6468253968253969
COMP_01320,4,0.9801587301587301
COMP_01321,9,0.7043650793650793
COMP_01322,3,0.8650793650793651
COMP_01323,9,0.8888888888888888
COMP_01324,4,0.6825396825396826
COMP_01325,4,0.6190476190476191
COMP_01326,4,0.5357142857142857
COMP_01327,2,0.6485400744660004
COMP_01328,5,0.5158730158730158
COMP_01329,5,0.2658730158730158
COMP_01330,9,0.7142857142857144
COMP_01331,634,0.6792654958054197
COMP_01332,4,0.8888888888888888
COMP_01333,9,1.0
COMP_01334,4,0.5714285714285714
COMP_01335,4,1.0
COMP_01336,4,0.746031746031746
COMP_01337,4,0.6878306878306878
COMP_01338,4,1.0
COMP_01339,4,0.753968253968254
COMP_01340,4,1.0
COMP_01341,4,0.6468253968253967
COMP_01342,4,0.7341269841269842
COMP_01343,4,0.746031746031746
COMP_01344,9,0.7777777777777777
COMP_01345,1,0.7743691493691495
COMP_01346,3,0.8518518518518519
COMP_01347,1,0.8821924603174602
COMP_01348,7,0.4285714285714286
COMP_01348,9,0.5674603174603176
COMP_01349,2,0.7023809523809523
COMP_01350,4,0.37301587301587297
COMP_01351,8,0.5000000000000001
COMP_01352,5,0.6944444444444444
COMP_01353,4,0.7976190476190476
COMP_01354,9,0.7023809523809524
COMP_01355,1,0.6428571428571429
COMP_01356,632,0.4047619047619047
COMP_01357,1,0.6827708429650178
COMP_01358,4,0.7619047619047619
COMP_01359,634,0.6944444444444443
COMP_01360,4,0.7976190476190477
COMP_01361,5,1.0
COMP_01362,632,0.6932419432419432
COMP_01363,5,0.8174603174603173
COMP_01364,9,0.7936507936507935
COMP_01365,4,0.7627865961199295
COMP_01366,9,0.7087585034013606
COMP_01367,4,0.9656084656084656
COMP_01368,4,0.6607142857142857
COMP_01369,7,0.9503968253968255
COMP_01370,9,0.5317460317460317
COMP_01371,633,0.6646825396825397
COMP_01372,5,0.8809523809523809
COMP_01373,1,0.7817460317460317
COMP_01374,9,0.7142857142857143
COMP_01375,7,0.7023809523809523
COMP_01376,3,0.7663690476190477
COMP_01377,9,0.6805977710233029
COMP_01378,633,0.28968253968253965
COMP_01379,9,0.7857142857142857
COMP_01380,9,0.9126984126984126
COMP_01381,9,0.8055555555555556
COMP_01382,9,0.8346560846560847
COMP_01383,9,0.7341269841269842
COMP_01384,5,0.36111111111111105
COMP_01385,5,0.4947089947089947
COMP_01386,5,0.6785714285714284
COMP_01387,7,0.9365079365079365
COMP_01388,4,0.746031746031746
COMP_01389,9,0.6428571428571429
COMP_01390,7,0.6715333932315064
COMP_01391,5,0.6388888888888888
COMP_01392,633,0.24206349206349204
COMP_01393,1,0.8650793650793651
COMP_01394,9,0.5873015873015872
COMP_01395,6,0.22619047619047616
COMP_01396,633,0.6865079365079364
COMP_01397,9,0.6269841269841269
COMP_01398,9,0.6150793650793651
COMP_01399,9,0.5714285714285714
COMP_01400,9,0.8253968253968255
COMP_01401,9,0.7107683982683983
COMP_01402,7,0.8690476190476191
COMP_01403,633,0.5183531746031745
COMP_01404,633,0.25793650793650785
COMP_01405,9,0.8452380952380952
COMP_01406,4,0.9642857142857143
COMP_01407,4,0.7023809523809523
COMP_01408,5,0.5881448412698412
COMP_01409,9,1.0
COMP_01410,633,1.0
COMP_01411,9,0.8697089947089948
COMP_01412,4,0.988095238095238
COMP_01413,5,0.7842522974101922
COMP_01414,2,0.5988095238095238
COMP_01415,4,0.45238095238095233
COMP_01416,9,0.7142857142857143
COMP_01417,9,0.9484126984126983
COMP_01418,9,0.705026455026455
COMP_01419,9,0.7103174603174603
COMP_01420,4,0.5714285714285715
COMP_01421,9,0.6944444444444444
COMP_01422,3,0.7724867724867726
COMP_01423,4,0.6507936507936507
COMP_01424,5,0.30952380952380953
COMP_01425,5,0.6944444444444444
COMP_01426,5,0.8134920634920635
COMP_01427,5,0.8333333333333334
COMP_01428,9,0.8582766439909296
COMP_01429,5,0.9166666666666666
COMP_01430,5,0.7182539682539684
COMP_01431,5,0.8472222222222222
COMP_01432,5,0.5988095238095238
COMP_01433,7,0.8551587301587302
COMP_01434,9,0.7142857142857143
COMP_01435,632,0.6071428571428571
COMP_01436,4,0.7142857142857142
COMP_01437,3,0.5833333333333335
COMP_01438,632,0.23015873015873012
COMP_01439,9,0.742063492063492
COMP_01440,7,1.0
COMP_01441,5,0.7231994787964937
COMP_01442,4,1.0
COMP_01443,3,0.46031746031746024
COMP_01444,9,0.1547619047619047
COMP_01445,7,0.7142857142857142
COMP_01446,1,0.9424603174603176
COMP_01447,4,0.8888888888888888
COMP_01448,1,0.6350329439952082
COMP_01449,9,0.5476190476190476
COMP_01450,4,0.6984126984126984
COMP_01451,1,0.6535258912308093
COMP_01452,3,0.6031746031746033
COMP_01453,5,0.6388888888888888
COMP_01454,1,0.45418470418470414
COMP_01455,4,0.8472222222222222
COMP_01456,4,1.0
COMP_01457,9,0.9087301587301587
COMP_01458,9,0.7817460317460317
COMP_01459,4,0.5693935693935693
COMP_01460,4,0.6332671957671957
COMP_01461,633,0.5037878787878788
COMP_01462,4,0.5665784832451498
COMP_01463,633,0.610990860990861
COMP_01464,4,0.6071428571428571
COMP_01465,633,0.49181547619047616
COMP_01466,633,0.6694647944647945
COMP_01467,4,0.4107142857142857
COMP_01467,633,0.7063492063492063
COMP_01468,633,0.5359623015873016
COMP_01469,633,0.6298941798941798
COMP_01470,4,0.8412698412698413
COMP_01471,633,0.6478112984324164
COMP_01472,4,0.5793650793650793
COMP_01473,633,0.7301587301587301
COMP_01474,4,0.5138888888888888
COMP_01475,4,0.6088850174216027
COMP_01476,633,0.5773809523809523
COMP_01477,4,0.4576719576719576
COMP_01478,633,0.7041730670762928
COMP_01479,633,0.6359126984126984
COMP_01480,4,0.5938208616780045
COMP_01481,633,0.574808935920047
COMP_01482,4,0.6534391534391534
COMP_01483,633,0.6176303854875284
COMP_01484,4,0.7724867724867726
COMP_01485,9,0.8571428571428571
COMP_01486,5,1.0
COMP_01487,9,0.7195767195767195
COMP_01488,5,0.6865079365079364
COMP_01489,633,0.5148809523809523
COMP_01490,632,0.6547619047619048
COMP_01491,9,0.6507936507936507
COMP_01492,1,0.8047052154195011
COMP_01493,4,0.4126984126984127
COMP_01494,632,0.8710317460317459
COMP_01495,9,0.742063492063492
COMP_01496,633,0.6666666666666666
COMP_01497,632,0.6547619047619047
COMP_01498,4,0.5158730158730158
COMP_01499,1,0.8203703703703704
COMP_01500,9,0.8095238095238094
COMP_01501,4,0.7142857142857142
COMP_01502,9,0.7182539682539681
COMP_01503,4,0.8740079365079365
COMP_01504,9,0.6944444444444444
COMP_01505,8,0.37755102040816324
COMP_01506,633,0.5476190476190476
COMP_01507,5,0.8690476190476191
COMP_01508,1,0.725
COMP_01509,7,0.6944444444444445
COMP_01510,633,0.9920634920634921
COMP_01511,9,0.9523809523809523
COMP_01512,4,0.7172619047619047
COMP_01513,9,0.8015873015873015
COMP_01514,9,0.5396825396825398
COMP_01515,4,1.0
COMP_01516,634,0.7142857142857142
COMP_01517,9,0.8571428571428571
COMP_01518,9,0.7142857142857143
COMP_01519,633,0.738095238095238
COMP_01520,9,0.39285714285714274
COMP_01521,9,0.9126984126984128
COMP_01522,4,0.7500000000000001
COMP_01523,9,0.6984126984126984
COMP_01524,4,0.7182539682539681
COMP_01525,634,0.6907701352145796
COMP_01526,9,0.9126984126984128
COMP_01527,9,0.6785714285714285
COMP_01528,9,0.623015873015873
COMP_01529,9,0.8611111111111112
COMP_01530,632,0.8859126984126984
COMP_01531,4,0.5895691609977324
COMP_01532,633,0.6497211497211497
COMP_01533,9,0.6939484126984126
COMP_01534,5,0.4319727891156462
COMP_01535,9,0.7996031746031745
COMP_01536,5,0.4365079365079365
COMP_01537,6,0.4593253968253968
COMP_01538,5,0.7870370370370371
COMP_01539,4,0.7738095238095238
COMP_01540,633,0.42857142857142855
COMP_01541,9,0.5396825396825398
COMP_01542,1,0.5357142857142857
COMP_01543,1,0.5933246616144477
COMP_01544,4,0.6481481481481481
COMP_01545,3,0.6468253968253967
COMP_01546,3,0.8571428571428571
COMP_01547,4,0.876984126984127
COMP_01548,9,0.7142857142857143
COMP_01549,632,0.8994708994708994
